Etiquetas de fila;Suma de Weekly_Sales_Thousands
< -16 C° ;558.02777
-15 a - 6 C°;141341.8653
-5 a 4 C°;1001211.761
5 a 14 C°;1893970.821
15  a 24 C°;2368937.192
25 a 34 C°;1310936.479
35< C°;20262.84176
Total general;6737218.987
